player_id,first_name,last_name,full_name,team_abbreviation
1642964,Brooks,Barnhizer,Brooks Barnhizer,OKC
1642959,Chris,Youngblood,Chris Youngblood,OKC
1641717,Cason,Wallace,Cason Wallace,OKC
1631119,Jaylin,Williams,Jaylin Williams,OKC
1631096,Chet,Holmgren,Chet Holmgren,OKC
1630598,Aaron,Wiggins,Aaron Wiggins,OKC
1629652,Luguentz,Dort,Luguentz Dort,OKC
1628983,Shai,Gilgeous-Alexander,Shai Gilgeous-Alexander,OKC
1627936,Alex,Caruso,Alex Caruso,OKC
1642263,Reed,Sheppard,Reed Sheppard,HOU
1641708,Amen,Thompson,Amen Thompson,HOU
1631095,Jabari,Smith Jr.,Jabari Smith Jr.,HOU
1630578,Alperen,Sengun,Alperen Sengun,HOU
1629006,Josh,Okogie,Josh Okogie,HOU
203991,Clint,Capela,Clint Capela,HOU
203500,Steven,Adams,Steven Adams,HOU
201142,Kevin,Durant,Kevin Durant,HOU
1631222,Jake,LaRavia,Jake LaRavia,LAL
1627741,Buddy,Hield,Buddy Hield,GSW
1629637,Jaxson,Hayes,Jaxson Hayes,LAL
202710,Jimmy,Butler III,Jimmy Butler III,GSW
203110,Draymond,Green,Draymond Green,GSW
1629216,Gabe,Vincent,Gabe Vincent,LAL
1630228,Jonathan,Kuminga,Jonathan Kuminga,GSW
1629029,Luka,Dončić,Luka Dončić,LAL
201143,Al,Horford,Al Horford,GSW
1642349,Ajay,Mitchell,Ajay Mitchell,OKC
1629060,Rui,Hachimura,Rui Hachimura,LAL
1630611,Gui,Santos,Gui Santos,GSW
1642954,Will,Richard,Will Richard,GSW
1627780,Gary,Payton II,Gary Payton II,GSW
1631106,Tari,Eason,Tari Eason,HOU
1641764,Brandin,Podziemski,Brandin Podziemski,GSW
1629028,Deandre,Ayton,Deandre Ayton,LAL
1629020,Jarred,Vanderbilt,Jarred Vanderbilt,LAL
1630559,Austin,Reaves,Austin Reaves,LAL
201939,Stephen,Curry,Stephen Curry,GSW
203935,Marcus,Smart,Marcus Smart,LAL
1642366,Quinten,Post,Quinten Post,GSW
1628392,Isaiah,Hartenstein,Isaiah Hartenstein,OKC
1642883,Sion,James,Sion James,CHA
1642851,Kon,Knueppel,Kon Knueppel,CHA
1642275,Tidjane,Salaün,Tidjane Salaün,CHA
1641750,Ryan,Kalkbrenner,Ryan Kalkbrenner,CHA
1631217,Moussa,Diabaté,Moussa Diabaté,CHA
1630544,Tre,Mann,Tre Mann,CHA
1629012,Collin,Sexton,Collin Sexton,CHA
1628970,Miles,Bridges,Miles Bridges,CHA
1641783,Tristan,da Silva,Tristan da Silva,ORL
1641710,Anthony,Black,Anthony Black,ORL
1631094,Paolo,Banchero,Paolo Banchero,ORL
1630591,Jalen,Suggs,Jalen Suggs,ORL
1630532,Franz,Wagner,Franz Wagner,ORL
1629048,Goga,Bitadze,Goga Bitadze,ORL
1628976,Wendell,Carter Jr.,Wendell Carter Jr.,ORL
1628371,Jonathan,Isaac,Jonathan Isaac,ORL
1626145,Tyus,Jones,Tyus Jones,ORL
1642278,Tyler,Kolek,Tyler Kolek,NYK
1641998,Trey,Jemison III,Trey Jemison III,NYK
1630574,Ariel,Hukporti,Ariel Hukporti,NYK
1630540,Miles,McBride,Miles McBride,NYK
1629013,Landry,Shamet,Landry Shamet,NYK
1628973,Jalen,Brunson,Jalen Brunson,NYK
1628969,Mikal,Bridges,Mikal Bridges,NYK
1628384,OG,Anunoby,OG Anunoby,NYK
1627824,Guerschon,Yabusele,Guerschon Yabusele,NYK
1626157,Karl-Anthony,Towns,Karl-Anthony Towns,NYK
203903,Jordan,Clarkson,Jordan Clarkson,NYK
1642962,Drake,Powell,Drake Powell,BKN
1642879,Ben,Saraf,Ben Saraf,BKN
1642856,Egor,Dëmin,Egor Dëmin,BKN
1642849,Nolan,Traore,Nolan Traore,BKN
1641730,Noah,Clowney,Noah Clowney,BKN
1631213,Tyrese,Martin,Tyrese Martin,BKN
1630592,Jalen,Wilson,Jalen Wilson,BKN
1630560,Cam,Thomas,Cam Thomas,BKN
1630549,Day'Ron,Sharpe,Day'Ron Sharpe,BKN
1630533,Ziaire,Williams,Ziaire Williams,BKN
1629651,Nic,Claxton,Nic Claxton,BKN
1629611,Terance,Mann,Terance Mann,BKN
1629008,Michael,Porter Jr.,Michael Porter Jr.,BKN
1642276,Kel'el,Ware,Kel'el Ware,MIA
1641796,Pelle,Larsson,Pelle Larsson,MIA
1631323,Simone,Fontecchio,Simone Fontecchio,MIA
1631170,Jaime,Jaquez Jr.,Jaime Jaquez Jr.,MIA
1631107,Nikola,Jović,Nikola Jović,MIA
1630696,Dru,Smith,Dru Smith,MIA
1630558,Davion,Mitchell,Davion Mitchell,MIA
1628389,Bam,Adebayo,Bam Adebayo,MIA
1626181,Norman,Powell,Norman Powell,MIA
203952,Andrew,Wiggins,Andrew Wiggins,MIA
1642878,Tyrese,Proctor,Tyrese Proctor,CLE
1642281,Jaylon,Tyson,Jaylon Tyson,CLE
1641854,Craig,Porter Jr.,Craig Porter Jr.,CLE
1630596,Evan,Mobley,Evan Mobley,CLE
1630241,Sam,Merrill,Sam Merrill,CLE
1629731,Dean,Wade,Dean Wade,CLE
1628386,Jarrett,Allen,Jarrett Allen,CLE
1628366,Lonzo,Ball,Lonzo Ball,CLE
1626204,Larry,Nance Jr.,Larry Nance Jr.,CLE
1641842,Ronald,Holland II,Ronald Holland II,DET
1641709,Ausar,Thompson,Ausar Thompson,DET
1631105,Jalen,Duren,Jalen Duren,DET
1630595,Cade,Cunningham,Cade Cunningham,DET
1630194,Paul,Reed,Paul Reed,DET
1630191,Isaiah,Stewart,Isaiah Stewart,DET
1629750,Javonte,Green,Javonte Green,DET
1629130,Duncan,Robinson,Duncan Robinson,DET
1627747,Caris,LeVert,Caris LeVert,DET
202699,Tobias,Harris,Tobias Harris,DET
1642860,Will,Riley,Will Riley,WAS
1642848,Tre,Johnson,Tre Johnson,WAS
1642358,AJ,Johnson,AJ Johnson,WAS
1642273,Kyshawn,George,Kyshawn George,WAS
1642267,Bub,Carrington,Bub Carrington,WAS
1642259,Alex,Sarr,Alex Sarr,WAS
1641774,Tristan,Vukcevic,Tristan Vukcevic,WAS
1641715,Cam,Whitmore,Cam Whitmore,WAS
1630557,Corey,Kispert,Corey Kispert,WAS
1630551,Justin,Champagnie,Justin Champagnie,WAS
1630536,Sharife,Cooper,Sharife Cooper,WAS
1630264,Anthony,Gill,Anthony Gill,WAS
1628963,Marvin,Bagley III,Marvin Bagley III,WAS
203468,CJ,McCollum,CJ McCollum,WAS
203114,Khris,Middleton,Khris Middleton,WAS
1642914,Javon,Small,Javon Small,MEM
1642907,Cedric,Coward,Cedric Coward,MEM
1642377,Jaylen,Wells,Jaylen Wells,MEM
1642285,Cam,Spencer,Cam Spencer,MEM
1641765,Olivier-Maxence,Prosper,Olivier-Maxence Prosper,MEM
1630583,Santi,Aldama,Santi Aldama,MEM
1629723,John,Konchar,John Konchar,MEM
1629630,Ja,Morant,Ja Morant,MEM
1629111,Jock,Landale,Jock Landale,MEM
1628991,Jaren,Jackson Jr.,Jaren Jackson Jr.,MEM
203484,Kentavious,Caldwell-Pope,Kentavious Caldwell-Pope,MEM
1642419,Jamison,Battle,Jamison Battle,TOR
1642367,Jonathan,Mogbo,Jonathan Mogbo,TOR
1642347,Jamal,Shead,Jamal Shead,TOR
1641711,Gradey,Dick,Gradey Dick,TOR
1630572,Sandro,Mamukelashvili,Sandro Mamukelashvili,TOR
1630567,Scottie,Barnes,Scottie Barnes,TOR
1630534,Ochai,Agbaji,Ochai Agbaji,TOR
1630193,Immanuel,Quickley,Immanuel Quickley,TOR
1629628,RJ,Barrett,RJ Barrett,TOR
1627751,Jakob,Poeltl,Jakob Poeltl,TOR
1627742,Brandon,Ingram,Brandon Ingram,TOR
1641748,Andre,Jackson Jr.,Andre Jackson Jr.,MIL
1631260,AJ,Green,AJ Green,MIL
1631157,Ryan,Rollins,Ryan Rollins,MIL
1630579,Jericho,Sims,Jericho Sims,MIL
1630175,Cole,Anthony,Cole Anthony,MIL
1629645,Kevin,Porter Jr.,Kevin Porter Jr.,MIL
1629599,Amir,Coffey,Amir Coffey,MIL
1629018,Gary,Trent Jr.,Gary Trent Jr.,MIL
1628398,Kyle,Kuzma,Kyle Kuzma,MIL
1627752,Taurean,Prince,Taurean Prince,MIL
1626171,Bobby,Portis,Bobby Portis,MIL
1626167,Myles,Turner,Myles Turner,MIL
203914,Gary,Harris,Gary Harris,MIL
203648,Thanasis,Antetokounmpo,Thanasis Antetokounmpo,MIL
203507,Giannis,Antetokounmpo,Giannis Antetokounmpo,MIL
1641824,Matas,Buzelis,Matas Buzelis,CHI
1631207,Dalen,Terry,Dalen Terry,CHI
1630581,Josh,Giddey,Josh Giddey,CHI
1630245,Ayo,Dosunmu,Ayo Dosunmu,CHI
1630200,Tre,Jones,Tre Jones,CHI
1630188,Jalen,Smith,Jalen Smith,CHI
1630172,Patrick,Williams,Patrick Williams,CHI
1630171,Isaac,Okoro,Isaac Okoro,CHI
1628989,Kevin,Huerter,Kevin Huerter,CHI
202696,Nikola,Vučević,Nikola Vučević,CHI
1642852,Derik,Queen,Derik Queen,NOP
1642847,Jeremiah,Fears,Jeremiah Fears,NOP
1642274,Yves,Missi,Yves Missi,NOP
1641722,Jordan,Hawkins,Jordan Hawkins,NOP
1630621,Hunter,Dickinson,Hunter Dickinson,NOP
1630530,Trey,Murphy III,Trey Murphy III,NOP
1630529,Herbert,Jones,Herbert Jones,NOP
1630180,Saddiq,Bey,Saddiq Bey,NOP
1629673,Jordan,Poole,Jordan Poole,NOP
1629627,Zion,Williamson,Zion Williamson,NOP
1642258,Zaccharie,Risacher,Zaccharie Risacher,ATL
1631243,Mouhamed,Gueye,Mouhamed Gueye,ATL
1630811,Keaton,Wallace,Keaton Wallace,ATL
1630700,Dyson,Daniels,Dyson Daniels,ATL
1630552,Jalen,Johnson,Jalen Johnson,ATL
1630168,Onyeka,Okongwu,Onyeka Okongwu,ATL
1629638,Nickeil,Alexander-Walker,Nickeil Alexander-Walker,ATL
1629027,Trae,Young,Trae Young,ATL
1628379,Luke,Kennard,Luke Kennard,ATL
204001,Kristaps,Porziņģis,Kristaps Porziņģis,ATL
1642846,Ace,Bailey,Ace Bailey,UTA
1642383,Walter,Clayton Jr.,Walter Clayton Jr.,UTA
1642271,Kyle,Filipowski,Kyle Filipowski,UTA
1642262,Cody,Williams,Cody Williams,UTA
1641729,Brice,Sensabaugh,Brice Sensabaugh,UTA
1641718,Keyonte,George,Keyonte George,UTA
1641707,Taylor,Hendricks,Taylor Hendricks,UTA
1631117,Walker,Kessler,Walker Kessler,UTA
1629004,Svi,Mykhailiuk,Svi Mykhailiuk,UTA
1628374,Lauri,Markkanen,Lauri Markkanen,UTA
203994,Jusuf,Nurkić,Jusuf Nurkić,UTA
1642949,Yanic,Konan Niederhäuser,Yanic Konan Niederhäuser,LAC
1642920,Kobe,Sanders,Kobe Sanders,LAC
1642353,Cam,Christie,Cam Christie,LAC
1641738,Kobe,Brown,Kobe Brown,LAC
1628381,John,Collins,John Collins,LAC
1627884,Derrick,Jones Jr.,Derrick Jones Jr.,LAC
1627826,Ivica,Zubac,Ivica Zubac,LAC
1627739,Kris,Dunn,Kris Dunn,LAC
203078,Bradley,Beal,Bradley Beal,LAC
202695,Kawhi,Leonard,Kawhi Leonard,LAC
201935,James,Harden,James Harden,LAC
201587,Nicolas,Batum,Nicolas Batum,LAC
201572,Brook,Lopez,Brook Lopez,LAC
101108,Chris,Paul,Chris Paul,LAC
1628378,Donovan,Mitchell,Donovan Mitchell,CLE
1642868,Carter,Bryant,Carter Bryant,SAS
1642844,Dylan,Harper,Dylan Harper,SAS
1642434,Riley,Minix,Riley Minix,SAS
1642357,David,Jones Garcia,David Jones Garcia,SAS
1642264,Stephon,Castle,Stephon Castle,SAS
1641705,Victor,Wembanyama,Victor Wembanyama,SAS
1631127,Harrison,Ingram,Harrison Ingram,SAS
1630577,Julian,Champagnie,Julian Champagnie,SAS
1630170,Devin,Vassell,Devin Vassell,SAS
1629640,Keldon,Johnson,Keldon Johnson,SAS
1629162,Jordan,McLaughlin,Jordan McLaughlin,SAS
1628436,Luke,Kornet,Luke Kornet,SAS
203084,Harrison,Barnes,Harrison Barnes,SAS
202687,Bismack,Biyombo,Bismack Biyombo,SAS
1642928,Dylan,Cardwell,Dylan Cardwell,SAC
1642875,Maxime,Raynaud,Maxime Raynaud,SAC
1642363,Nique,Clifford,Nique Clifford,SAC
1631165,Keon,Ellis,Keon Ellis,SAC
1629234,Drew,Eubanks,Drew Eubanks,SAC
1628370,Malik,Monk,Malik Monk,SAC
203967,Dario,Saric,Dario Saric,SAC
203897,Zach,LaVine,Zach LaVine,SAC
203471,Dennis,Schröder,Dennis Schröder,SAC
201566,Russell,Westbrook,Russell Westbrook,SAC
1642905,Yang,Hansen,Yang Hansen,POR
1642270,Donovan,Clingan,Donovan Clingan,POR
1641739,Toumani,Camara,Toumani Camara,POR
1631200,Kris,Murray,Kris Murray,POR
1631104,Blake,Wesley,Blake Wesley,POR
1631101,Shaedon,Sharpe,Shaedon Sharpe,POR
1630166,Deni,Avdija,Deni Avdija,POR
1629680,Matisse,Thybulle,Matisse Thybulle,POR
203924,Jerami,Grant,Jerami Grant,POR
201950,Jrue,Holiday,Jrue Holiday,POR
1642346,Ryan,Dunn,Ryan Dunn,PHX
1642345,Oso,Ighodaro,Oso Ighodaro,PHX
1631221,Collin,Gillespie,Collin Gillespie,PHX
1631109,Mark,Williams,Mark Williams,PHX
1630208,Nick,Richards,Nick Richards,PHX
1628960,Grayson,Allen,Grayson Allen,PHX
1628502,Nigel,Hayes-Davis,Nigel Hayes-Davis,PHX
1628415,Dillon,Brooks,Dillon Brooks,PHX
1626220,Royce,O'Neale,Royce O'Neale,PHX
1626164,Devin,Booker,Devin Booker,PHX
1641740,Jaylen,Clark,Jaylen Clark,MIN
1630545,Terrence,Shannon Jr.,Terrence Shannon Jr.,MIN
1630538,Bones,Hyland,Bones Hyland,MIN
1630183,Jaden,McDaniels,Jaden McDaniels,MIN
1630162,Anthony,Edwards,Anthony Edwards,MIN
1629675,Naz,Reid,Naz Reid,MIN
1628978,Donte,DiVincenzo,Donte DiVincenzo,MIN
203944,Julius,Randle,Julius Randle,MIN
203497,Rudy,Gobert,Rudy Gobert,MIN
201144,Mike,Conley,Mike Conley,MIN
1642948,Ryan,Nembhard,Ryan Nembhard,DAL
1642843,Cooper,Flagg,Cooper Flagg,DAL
1641726,Dereck,Lively II,Dereck Lively II,DAL
1631108,Max,Christie,Max Christie,DAL
1630702,Jaden,Hardy,Jaden Hardy,DAL
1630619,Moussa,Cisse,Moussa Cisse,DAL
1630314,Brandon,Williams,Brandon Williams,DAL
1630230,Naji,Marshall,Naji Marshall,DAL
1629023,P.J.,Washington,P.J. Washington,DAL
1628997,Caleb,Martin,Caleb Martin,DAL
1626156,D'Angelo,Russell,D'Angelo Russell,DAL
203939,Dwight,Powell,Dwight Powell,DAL
203076,Anthony,Davis,Anthony Davis,DAL
202691,Klay,Thompson,Klay Thompson,DAL
201942,DeMar,DeRozan,DeMar DeRozan,SAC
1641706,Brandon,Miller,Brandon Miller,CHA
1630163,LaMelo,Ball,LaMelo Ball,CHA
203954,Joel,Embiid,Joel Embiid,PHI
1631169,Josh,Minott,Josh Minott,BOS
1630573,Sam,Hauser,Sam Hauser,BOS
1641737,Adem,Bona,Adem Bona,PHI
1631230,Dominick,Barlow,Dominick Barlow,PHI
1627759,Jaylen,Brown,Jaylen Brown,BOS
1630178,Tyrese,Maxey,Tyrese Maxey,PHI
1630202,Payton,Pritchard,Payton Pritchard,BOS
1629014,Anfernee,Simons,Anfernee Simons,BOS
1629656,Quentin,Grimes,Quentin Grimes,PHI
1642348,Justin,Edwards,Justin Edwards,PHI
1629674,Neemias,Queta,Neemias Queta,BOS
1628401,Derrick,White,Derrick White,BOS
1642845,VJ,Edgecombe,VJ Edgecombe,PHI
1630214,Xavier,Tillman,Xavier Tillman,BOS
1628449,Chris,Boucher,Chris Boucher,BOS
1631133,Jabari,Walker,Jabari Walker,PHI
203083,Andre,Drummond,Andre Drummond,PHI
1630568,Luka,Garza,Luka Garza,BOS
1626162,Kelly,Oubre Jr.,Kelly Oubre Jr.,PHI
1630217,Desmond,Bane,Desmond Bane,ORL
1642382,Branden,Carlson,Branden Carlson,OKC
1631172,Ousmane,Dieng,Ousmane Dieng,OKC
1643007,Taelon,Peter,Taelon Peter,IND
1642277,Johnny,Furphy,Johnny Furphy,IND
1641767,Ben,Sheppard,Ben Sheppard,IND
1641716,Jarace,Walker,Jarace Walker,IND
1631097,Bennedict,Mathurin,Bennedict Mathurin,IND
1630643,Jay,Huff,Jay Huff,IND
1630543,Isaiah,Jackson,Isaiah Jackson,IND
1630174,Aaron,Nesmith,Aaron Nesmith,IND
1630167,Obi,Toppin,Obi Toppin,IND
1629614,Andrew,Nembhard,Andrew Nembhard,IND
1628396,Tony,Bradley,Tony Bradley,IND
1627783,Pascal,Siakam,Pascal Siakam,IND
1629661,Cameron,Johnson,Cameron Johnson,DEN
202685,Jonas,Valančiūnas,Jonas Valančiūnas,DEN
1642461,Spencer,Jones,Spencer Jones,DEN
1631128,Christian,Braun,Christian Braun,DEN
203999,Nikola,Jokić,Nikola Jokić,DEN
203501,Tim,Hardaway Jr.,Tim Hardaway Jr.,DEN
1627750,Jamal,Murray,Jamal Murray,DEN
203932,Aaron,Gordon,Aaron Gordon,DEN
1631212,Peyton,Watson,Peyton Watson,DEN
1628971,Bruce,Brown,Bruce Brown,DEN
1641724,Jett,Howard,Jett Howard,ORL
1642854,Asa,Newell,Asa Newell,ATL
1642368,N'Faly,Dante,N'Faly Dante,ATL
1630249,Vít,Krejčí,Vít Krejčí,ATL
1642450,Daniss,Jenkins,Daniss Jenkins,DET
1641790,PJ,Hall,PJ Hall,MEM
1641713,GG,Jackson,GG Jackson,MEM
1628404,Josh,Hart,Josh Hart,NYK
1642443,Jahmir,Young,Jahmir Young,MIA
1642352,Keshad,Johnson,Keshad Johnson,MIA
1642873,Amari,Williams,Amari Williams,BOS
1642864,Hugo,González,Hugo González,BOS
1641775,Jordan,Walsh,Jordan Walsh,BOS
1631248,Baylor,Scheierman,Baylor Scheierman,BOS
1642404,Chaz,Lanier,Chaz Lanier,DET
1630631,Jose,Alvarado,Jose Alvarado,NOP
1642403,Isaac,Jones,Isaac Jones,SAC
1627734,Domantas,Sabonis,Domantas Sabonis,SAC
1641871,Duop,Reath,Duop Reath,POR
1641712,Rayan,Rupert,Rayan Rupert,POR
1642866,Joan,Beringer,Joan Beringer,MIN
1642265,Rob,Dillingham,Rob Dillingham,MIN
1631159,Leonard,Miller,Leonard Miller,MIN
1630548,Johnny,Juzang,Johnny Juzang,MIN
204060,Joe,Ingles,Joe Ingles,MIN
1642355,Bronny,James,Bronny James,LAL
1642261,Dalton,Knecht,Dalton Knecht,LAL
1631132,Christian,Koloko,Christian Koloko,LAL
1631218,Trayce,Jackson-Davis,Trayce Jackson-Davis,GSW
1630541,Moses,Moody,Moses Moody,GSW
1630311,Pat,Spencer,Pat Spencer,GSW
1630692,Jordan,Goodwin,Jordan Goodwin,PHX
1642853,Rasheer,Fleming,Rasheer Fleming,PHX
1642863,Khaman,Maluach,Khaman Maluach,PHX
1642859,Jase,Richardson,Jase Richardson,ORL
1641763,Julian,Phillips,Julian Phillips,CHI
1631216,Caleb,Houstan,Caleb Houstan,ATL
1631210,Jacob,Toppin,Jacob Toppin,ATL
203486,Mason,Plumlee,Mason Plumlee,CHA
1642484,RayJ,Dennis,RayJ Dennis,IND
1630164,James,Wiseman,James Wiseman,IND
1630192,Zeke,Nnaji,Zeke Nnaji,DEN
1629618,Jalen,Pickett,Jalen Pickett,DEN
1630587,Isaiah,Livers,Isaiah Livers,PHX
1631124,Julian,Strawther,Julian Strawther,DEN
1641747,DaRon,Holmes II,DaRon Holmes II,DEN
1642862,Liam,McNeeley,Liam McNeeley,CHA
1626192,Pat,Connaughton,Pat Connaughton,CHA
1641813,Mark,Sears,Mark Sears,MIL
1629631,De'Andre,Hunter,De'Andre Hunter,CLE
1631245,Quenton,Jackson,Quenton Jackson,IND
1642867,Collin,Murray-Boyles,Collin Murray-Boyles,TOR
1642939,Miles,Kelly,Miles Kelly,DAL
1642269,Devin,Carter,Devin Carter,SAC
203992,Bogdan,Bogdanović,Bogdan Bogdanović,LAC
1643024,Chris,Mañon,Chris Mañon,LAL
1642449,Tolu,Smith,Tolu Smith,DET
1641752,Bobi,Klintman,Bobi Klintman,DET
1641732,Colby,Jones,Colby Jones,DET
1642282,Hunter,Sallis,Hunter Sallis,PHI
201569,Eric,Gordon,Eric Gordon,PHI
1642869,Noah,Penda,Noah Penda,ORL
1631247,Luke,Travers,Luke Travers,CLE
1628418,Thomas,Bryant,Thomas Bryant,CLE
1630623,Tyson,Etienne,Tyson Etienne,BKN
1630604,E.J.,Liddell,E.J. Liddell,BKN
1631120,JD,Davison,JD Davison,HOU
1630256,Jae'Sean,Tate,Jae'Sean Tate,HOU
1628988,Aaron,Holiday,Aaron Holiday,HOU
201145,Jeff,Green,Jeff Green,HOU
1642877,Micah,Peavy,Micah Peavy,NOP
1631255,Karlo,Matković,Karlo Matković,NOP
1631121,Bryce,McGowens,Bryce McGowens,NOP
201599,DeAndre,Jordan,DeAndre Jordan,NOP
1631199,Ron,Harper Jr.,Ron Harper Jr.,BOS
1631321,Sidy,Cissoko,Sidy Cissoko,POR
1631126,Caleb,Love,Caleb Love,POR
1641733,Nick,Smith Jr.,Nick Smith Jr.,LAL
1641816,Hunter,Tyson,Hunter Tyson,DEN
1642266,Ja'Kobe,Walter,Ja'Kobe Walter,TOR
1642364,Jamir,Watkins,Jamir Watkins,WAS
1630570,Trendon,Watford,Trendon Watford,PHI
1642066,Myron,Gardner,Myron Gardner,MIA
1642885,Mohamed,Diawara,Mohamed Diawara,NYK
1643141,Jahmyl,Telfort,Jahmyl Telfort,LAC
1641989,Elijah,Harkless,Elijah Harkless,UTA
1630644,Mac,McClung,Mac McClung,IND
1631115,Orlando,Robinson,Orlando Robinson,ORL
1630198,Isaiah,Joe,Isaiah Joe,OKC
1641731,Bilal,Coulibaly,Bilal Coulibaly,WAS
1629011,Mitchell,Robinson,Mitchell Robinson,NYK
203937,Kyle,Anderson,Kyle Anderson,UTA
1629057,Robert,Williams III,Robert Williams III,POR
1631246,Vince,Williams Jr.,Vince Williams Jr.,MEM
1630526,Jeremiah,Robinson-Earl,Jeremiah Robinson-Earl,IND
1629655,Daniel,Gafford,Daniel Gafford,DAL
1626172,Kevon,Looney,Kevon Looney,NOP
200768,Kyle,Lowry,Kyle Lowry,PHI
1641780,Johni,Broome,Johni Broome,PHI
1642354,KJ,Simpson,KJ Simpson,CHA
201567,Kevin,Love,Kevin Love,UTA
1642359,Pacôme,Dadiet,Pacôme Dadiet,NYK
1628975,Jevon,Carter,Jevon Carter,CHI
1642886,Koby,Brea,Koby Brea,PHX
1642874,Danny,Wolf,Danny Wolf,BKN
1631103,Malaki,Branham,Malaki Branham,WAS
1629646,Charles,Bassey,Charles Bassey,MEM
1642272,Jared,McCain,Jared McCain,PHI
1641772,Nae'Qwan,Tomlin,Nae'Qwan Tomlin,CLE
1629636,Darius,Garland,Darius Garland,CLE
1628998,Cody,Martin,Cody Martin,IND
1630173,Precious,Achiuwa,Precious Achiuwa,SAC
1630322,Lindy,Waters III,Lindy Waters III,SAS
1631110,Jeremy,Sochan,Jeremy Sochan,SAS
203482,Kelly,Olynyk,Kelly Olynyk,SAS
1630224,Jalen,Green,Jalen Green,PHX
1642268,Isaiah,Collier,Isaiah Collier,UTA
1628467,Maxi,Kleber,Maxi Kleber,LAL
1628368,De'Aaron,Fox,De'Aaron Fox,SAS
1628420,Monte,Morris,Monte Morris,IND
204456,T.J.,McConnell,T.J. McConnell,IND
1631111,Wendell,Moore Jr.,Wendell Moore Jr.,DET
1631250,Pete,Nance,Pete Nance,MIL
203926,Doug,McDermott,Doug McDermott,SAC
1631342,Daeqwon,Plowden,Daeqwon Plowden,SAC
1641757,Jordan,Miller,Jordan Miller,LAC
202066,Garrett,Temple,Garrett Temple,TOR
1631288,Jamal,Cain,Jamal Cain,ORL
1641810,Antonio,Reeves,Antonio Reeves,CHA
1641744,Zach,Edey,Zach Edey,MEM
1642876,Adou,Thiero,Adou Thiero,LAL
1629632,Coby,White,Coby White,CHI
1642403,Isaac,Jones,Isaac Jones,DET
202331,Paul,George,Paul George,PHI
1641809,Drew,Peterson,Drew Peterson,CHA
2544,LeBron,James,LeBron James,LAL
1631123,Jamaree,Bouyea,Jamaree Bouyea,PHX
1631451,Javonte,Cooke,Javonte Cooke,POR
1642942,Jahmai,Mashack,Jahmai Mashack,MEM
1631099,Keegan,Murray,Keegan Murray,SAC
1629726,Garrison,Mathews,Garrison Mathews,IND
1631093,Jaden,Ivey,Jaden Ivey,DET
1642855,Noa,Essengue,Noa Essengue,CHI
1641753,Chris,Livingston,Chris Livingston,CLE
1641787,Tosan,Evbuomwan,Tosan Evbuomwan,NYK
1629639,Tyler,Herro,Tyler Herro,MIA
1642384,Isaiah,Crawford,Isaiah Crawford,HOU
1631166,Drew,Timme,Drew Timme,LAL
1629026,Kenrich,Williams,Kenrich Williams,OKC
1631114,Jalen,Williams,Jalen Williams,OKC
1642950,Lachlan,Olbrich,Lachlan Olbrich,CHI
1641801,Emanuel,Miller,Emanuel Miller,CHI
1642938,Curtis,Jones,Curtis Jones,DEN
1642935,Chucky,Hepburn,Chucky Hepburn,TOR
1641725,Trey,Alexander,Trey Alexander,NOP
1630679,Ethan,Thompson,Ethan Thompson,IND
1642857,Kasparas,Jakučionis,Kasparas Jakučionis,MIA
203552,Seth,Curry,Seth Curry,GSW
1642280,Trentyn,Flowers,Trentyn Flowers,CHI
1629001,De'Anthony,Melton,De'Anthony Melton,GSW
1628380,Zach,Collins,Zach Collins,CHI
1631204,Marcus,Sasser,Marcus Sasser,DET
1630639,A.J.,Lawson,A.J. Lawson,TOR
1642918,Alijah,Martin,Alijah Martin,TOR
1641755,Kevin,McCullar Jr.,Kevin McCullar Jr.,NYK
1630182,Josh,Green,Josh Green,CHA
1629634,Brandon,Clarke,Brandon Clarke,MEM
1642484,RayJ,Dennis,RayJ Dennis,LAC
1642884,Vladislav,Goldin,Vladislav Goldin,MIA
1642880,Kam,Jones,Kam Jones,IND
1631132,Christian,Koloko,Christian Koloko,MEM
1627827,Dorian,Finney-Smith,Dorian Finney-Smith,HOU
1641790,PJ,Hall,PJ Hall,CHA
1630695,Micah,Potter,Micah Potter,IND
1628964,Mo,Bamba,Mo Bamba,TOR
1631131,Oscar,Tshiebwe,Oscar Tshiebwe,UTA
1629684,Grant,Williams,Grant Williams,CHA
1629021,Moritz,Wagner,Moritz Wagner,ORL
1630557,Corey,Kispert,Corey Kispert,ATL
203468,CJ,McCollum,CJ McCollum,ATL
1641723,Kobe,Bufkin,Kobe Bufkin,LAL
1630526,Jeremiah,Robinson-Earl,Jeremiah Robinson-Earl,DAL
1631102,TyTy,Washington Jr.,TyTy Washington Jr.,LAC
1642484,RayJ,Dennis,RayJ Dennis,ATL
1642502,Malevy,Leons,Malevy Leons,GSW
1643018,LJ,Cryer,LJ Cryer,GSW
1631116,Patrick,Baldwin Jr.,Patrick Baldwin Jr.,LAC
1631132,Christian,Koloko,Christian Koloko,ATL
1627746,Skal,Labissiere,Skal Labissiere,WAS
1641794,Dillon,Jones,Dillon Jones,NYK
1641815,Isaiah,Stevens,Isaiah Stevens,SAC
1629660,Ty,Jerome,Ty Jerome,MEM
1642530,Yuki,Kawamura,Yuki Kawamura,CHI
1642400,Tristan,Enaruna,Tristan Enaruna,CLE
1630649,Stanley,Umude,Stanley Umude,SAS
1630249,Vít,Krejčí,Vít Krejčí,POR
1642917,Max,Shulga,Max Shulga,BOS
1629631,De'Andre,Hunter,De'Andre Hunter,SAC
203471,Dennis,Schröder,Dennis Schröder,CLE
1631165,Keon,Ellis,Keon Ellis,CLE
1628989,Kevin,Huerter,Kevin Huerter,DET
1627824,Guerschon,Yabusele,Guerschon Yabusele,CHI
1631093,Jaden,Ivey,Jaden Ivey,CHI
1630644,Mac,McClung,Mac McClung,CHI
1629014,Anfernee,Simons,Anfernee Simons,CHI
1629111,Jock,Landale,Jock Landale,ATL
202696,Nikola,Vučević,Nikola Vučević,BOS
1642383,Walter,Clayton Jr.,Walter Clayton Jr.,MEM
1630590,Scotty,Pippen Jr.,Scotty Pippen Jr.,MEM
1630703,Scoot,Henderson,Scoot Henderson,POR
1641707,Taylor,Hendricks,Taylor Hendricks,MEM
1642933,Keshon,Gilbert,Keshon Gilbert,WAS
1642272,Jared,McCain,Jared McCain,OKC
1626145,Tyus,Jones,Tyus Jones,DAL
1642358,AJ,Johnson,AJ Johnson,DAL
1628963,Marvin,Bagley III,Marvin Bagley III,DAL
1631246,Vince,Williams Jr.,Vince Williams Jr.,UTA
1629723,John,Konchar,John Konchar,UTA
1631159,Leonard,Miller,Leonard Miller,CHI
1642265,Rob,Dillingham,Rob Dillingham,CHI
1628991,Jaren,Jackson Jr.,Jaren Jackson Jr.,UTA
1630208,Nick,Richards,Nick Richards,CHI
1629012,Collin,Sexton,Collin Sexton,CHI
1628379,Luke,Kennard,Luke Kennard,LAL
203937,Kyle,Anderson,Kyle Anderson,MEM
201935,James,Harden,James Harden,CLE
1630631,Jose,Alvarado,Jose Alvarado,NYK
1630625,Dalano,Banton,Dalano Banton,LAC
1631218,Trayce,Jackson-Davis,Trayce Jackson-Davis,TOR
1641763,Julian,Phillips,Julian Phillips,MIN
1630245,Ayo,Dosunmu,Ayo Dosunmu,MIN
1642402,Enrique,Freeman,Enrique Freeman,MIN
1631172,Ousmane,Dieng,Ousmane Dieng,MIL
1630560,Cam,Thomas,Cam Thomas,MIL
1628975,Jevon,Carter,Jevon Carter,ORL
1627741,Buddy,Hield,Buddy Hield,ATL
1629216,Gabe,Vincent,Gabe Vincent,ATL
1631116,Patrick,Baldwin Jr.,Patrick Baldwin Jr.,PHI
1630699,MarJon,Beauchamp,MarJon Beauchamp,PHI
1630543,Isaiah,Jackson,Isaiah Jackson,LAC
1641738,Kobe,Brown,Kobe Brown,IND
1631097,Bennedict,Mathurin,Bennedict Mathurin,LAC
1629599,Amir,Coffey,Amir Coffey,PHX
203114,Khris,Middleton,Khris Middleton,DAL
1630702,Jaden,Hardy,Jaden Hardy,WAS
1642955,Kadary,Richmond,Kadary Richmond,WAS
1630214,Xavier,Tillman,Xavier Tillman,CHA
1631207,Dalen,Terry,Dalen Terry,PHI
1629646,Charles,Bassey,Charles Bassey,PHI
1630534,Ochai,Agbaji,Ochai Agbaji,BKN
1631205,Buddy,Boeheim,Buddy Boeheim,OKC
1643133,Lawson,Lovering,Lawson Lovering,MEM
1642260,Nikola,Topić,Nikola Topić,OKC
1642396,Blake,Hinson,Blake Hinson,UTA
1631214,Alondes,Williams,Alondes Williams,WAS
1626166,Cameron,Payne,Cameron Payne,PHI
1631110,Jeremy,Sochan,Jeremy Sochan,NYK
204001,Kristaps,Porziņģis,Kristaps Porziņģis,GSW
1642354,KJ,Simpson,KJ Simpson,DEN
1631213,Tyrese,Martin,Tyrese Martin,PHI
1631211,Trevor,Keels,Trevor Keels,MIA
1642911,Rocco,Zikarsky,Rocco Zikarsky,MIN
1641712,Rayan,Rupert,Rayan Rupert,MEM
1630165,Killian,Hayes,Killian Hayes,SAC
1630228,Jonathan,Kuminga,Jonathan Kuminga,ATL
1642468,Darius,Brown,Darius Brown,CLE
1629632,Coby,White,Coby White,CHA
1627749,Dejounte,Murray,Dejounte Murray,NOP
1630625,Dalano,Banton,Dalano Banton,BOS
1642910,John,Tonje,John Tonje,BOS
