NAME,Status
N'Faly Dante,Out
Eli John N'Diaye,Out
Trae Young,Out
Neemias Queta,Out
Jayson Tatum,Out
Ben Saraf,Out
Cam Thomas,Out
Haywood Highsmith,Out
Pat Connaughton,Out
Josh Green,Out
Grant Williams,Out
Trentyn Flowers,Out
Dalen Terry,Out
Isaac Okoro,Out
Zach Collins,Out
Sam Merrill,Out
Jarrett Allen,Out
Max Strus,Out
Dereck Lively II,Out
Anthony Davis,Out
Danté Exum,Out
Kyrie Irving,Out
Julian Strawther,Out
Aaron Gordon,Out
Christian Braun,Out
Bobi Klintman,Out
Marcus Sasser,Out
Al Horford,Out
Jonathan Kuminga,Out
De'Anthony Melton,Out
Steven Adams,Out
Dorian Finney-Smith,Out
Kevin Durant,Out
Tari Eason,Out
Fred VanVleet,Out
Johnny Furphy,Out
Quenton Jackson,Out
Aaron Nesmith,Out
Kam Jones,Out
Obi Toppin,Out
Tyrese Haliburton,Out
Bogdan Bogdanović,Out
Jordan Miller,Out
Derrick Jones Jr.,Out
Bradley Beal,Out
Ty Jerome,Out
Ja Morant,Out
Javon Small,Out
Brandon Clarke,Out
Scotty Pippen Jr.,Out
Nikola Jović,Out
Andrew Wiggins,Out
Terry Rozier,Out
Kevin Porter Jr.,Out
Giannis Antetokounmpo,Out
Taurean Prince,Out
Karlo Matković,Out
Jordan Poole,Out
Herbert Jones,Out
Dejounte Murray,Out
Landry Shamet,Out
OG Anunoby,Out
Jalen Williams,Out
Aaron Wiggins,Out
Nikola Topić,Out
Thomas Sorber,Out
Moritz Wagner,Out
Paolo Banchero,Out
Colin Castleton,Out
Joel Embiid,Out
Adem Bona,Out
Kelly Oubre Jr.,Out
Ryan Dunn,Out
Grayson Allen,Out
Jalen Green,Out
Shaedon Sharpe,Out
Scoot Henderson,Out
Jrue Holiday,Out
Blake Wesley,Out
Matisse Thybulle,Out
Damian Lillard,Out
Domantas Sabonis,Out
Jordan McLaughlin,Out
Dylan Harper,Out
Stephon Castle,Out
Victor Wembanyama,Out
RJ Barrett,Out
Georges Niang,Out
Walker Kessler,Out
Marvin Bagley III,Out
Tre Johnson,Out
